"","states2","levels"
"1","California","4"
"2","Colorado","2"
"3","Connecticut","4"
"4","Delaware","4"
"5","District of Columbia","4"
"6","Guam",NA
"7","Hawaii","4"
"8","Illinois","4"
"9","Kansas","3"
"10","Kentucky","3"
"11","Louisiana","4"
"12","Maine","2"
"13","Michigan","4"
"14","Minnesota","3"
"15","Montana","3"
"16","Nevada","2"
"17","New Jersey","3"
"18","New Mexico","2"
"19","New York","4"
"20","North Carolina","4"
"21","Oregon","4"
"22","Pennsylvania","2"
"23","Rhode Island","4"
"24","Virginia","4"
"25","Washington","3"
"26","Wisconsin","2"
"27","Alabama","2"
"28","Alaska","2"
"29","Arizona","3"
"30","Arkansas","2"
"31","Florida","3"
"32","Georgia","2"
"33","Idaho","2"
"34","Indiana","3"
"35","Iowa","2"
"36","Maryland","4"
"37","Massachusetts","4"
"38","Mississippi","2"
"39","Missouri","3"
"40","Nebraska","3"
"41","New Hampshire","4"
"42","North Dakota","2"
"43","Ohio","2"
"44","Oklahoma","2"
"45","South Carolina","2"
"46","South Dakota","1"
"47","Tennessee","2"
"48","Texas","2"
"49","Utah","2"
"50","Vermont","2"
"51","West Virginia","2"
"52","Wyoming","2"
"53","Puerto Rico",NA
"54","U.S. Virgin Islands",NA
